{"layout": {"0": [0, 0], "1": [1.4142135623730951, 0], "2": [1.4142135623730951, -1.0], "3": [1.4142135623730951, 1.0], "4": [-1.4142135623730951, 0], "5": [-1.4142135623730951, -1.0], "6": [-1.4142135623730951, 1.0]}, "initial": "0", "graph": {"0": {"right": [0, "1"], "left": [0, "4"]}, "1": {"up": [0, "2"], "down": [0, "3"]}, "2": {}, "3": {}, "4": {"up": [0, "5"], "down": [0, "6"]}, "5": {}, "6": {}}}